boba,b9c547c9-c178-38ca-b4cf-f892f44cf146
yanto_kopling,e7fd51e6-b4ce-32b0-9643-90ebe2b2e13b
zwittt,a4842811-37e4-30a7-a2ff-1f618da62456
virneva,dea7ad48-8731-32d4-a99f-837f98d7edae
rexstrawberryy,cddf22ab-ad3c-3a52-8880-23a2e12fd6dc
asep_penyu,0d48e23b-9eec-3525-a284-6808ea3d3da3
dsgx,7ccfdb42-9d49-314f-92ca-8f581113be35
nakalip,3891fee3-221d-358e-9d16-559672a82751
legnum,f628ac0b-99d3-3ce8-9ca6-514bb3cf8a79
97kz,e6953881-4595-3450-a446-422c20197ecc
jojojooooo,a9e460fe-6845-30e6-b32e-e257e1b49380
tumbal_project,ad58d7c6-78e0-366b-895a-fe22c8a3c5ed
juniorgamingpro,2e363873-f661-36c5-8ce3-1cbe56ac9f47
anginhihi,0ccf5474-cf19-30e8-8ef8-391769e8826f
cupang5,dcc6c733-a869-3191-a05e-329053a20d04
milkshakes09,018ad441-99bf-395e-93a4-fee62289c537
zusagi,73ccc71b-720f-3009-8d4a-268290b27c99
blue2network,06083e15-e4d5-3373-8aa2-4d3c2c74f935
chokovanill,5ad9dce8-a748-3e85-81c2-314c7efae9d0
